{
  "id": "712cbcc8-3fa5-4c1b-8652-359d940bd1ba",
  "prevId": "00000000-0000-0000-0000-000000000000",
  "version": "7",
  "dialect": "postgresql",
  "tables": {
    "public.cid_codes": {
      "name": "cid_codes",
      "schema": "",
      "columns": {
        "id": {
          "name": "id",
          "type": "serial",
          "primaryKey": true,
          "notNull": true
        },
        "code": {
          "name": "code",
          "type": "text",
          "primaryKey": false,
          "notNull": true
        },
        "description": {
          "name": "description",
          "type": "text",
          "primaryKey": false,
          "notNull": true
        },
        "category": {
          "name": "category",
          "type": "cid_categories",
          "typeSchema": "public",
          "primaryKey": false,
          "notNull": true,
          "default": "'Outros'"
        },
        "created_at": {
          "name": "created_at",
          "type": "timestamp",
          "primaryKey": false,
          "notNull": true,
          "default": "now()"
        },
        "updated_at": {
          "name": "updated_at",
          "type": "timestamp",
          "primaryKey": false,
          "notNull": true,
          "default": "now()"
        }
      },
      "indexes": {},
      "foreignKeys": {},
      "compositePrimaryKeys": {},
      "uniqueConstraints": {
        "cid_codes_code_unique": {
          "name": "cid_codes_code_unique",
          "nullsNotDistinct": false,
          "columns": [
            "code"
          ]
        }
      },
      "policies": {},
      "checkConstraints": {},
      "isRLSEnabled": false
    },
    "public.hospitals": {
      "name": "hospitals",
      "schema": "",
      "columns": {
        "id": {
          "name": "id",
          "type": "serial",
          "primaryKey": true,
          "notNull": true
        },
        "name": {
          "name": "name",
          "type": "text",
          "primaryKey": false,
          "notNull": true
        },
        "business_name": {
          "name": "business_name",
          "type": "text",
          "primaryKey": false,
          "notNull": false
        },
        "cnpj": {
          "name": "cnpj",
          "type": "text",
          "primaryKey": false,
          "notNull": true
        },
        "cnes": {
          "name": "cnes",
          "type": "text",
          "primaryKey": false,
          "notNull": false
        },
        "uf": {
          "name": "uf",
          "type": "text",
          "primaryKey": false,
          "notNull": true
        },
        "city": {
          "name": "city",
          "type": "cidades_rj",
          "typeSchema": "public",
          "primaryKey": false,
          "notNull": false
        },
        "cep": {
          "name": "cep",
          "type": "text",
          "primaryKey": false,
          "notNull": false
        },
        "address": {
          "name": "address",
          "type": "text",
          "primaryKey": false,
          "notNull": false
        },
        "number": {
          "name": "number",
          "type": "integer",
          "primaryKey": false,
          "notNull": false
        }
      },
      "indexes": {},
      "foreignKeys": {},
      "compositePrimaryKeys": {},
      "uniqueConstraints": {
        "hospitals_cnpj_unique": {
          "name": "hospitals_cnpj_unique",
          "nullsNotDistinct": false,
          "columns": [
            "cnpj"
          ]
        }
      },
      "policies": {},
      "checkConstraints": {},
      "isRLSEnabled": false
    },
    "public.medical_orders": {
      "name": "medical_orders",
      "schema": "",
      "columns": {
        "id": {
          "name": "id",
          "type": "serial",
          "primaryKey": true,
          "notNull": true
        },
        "patient_id": {
          "name": "patient_id",
          "type": "integer",
          "primaryKey": false,
          "notNull": true
        },
        "user_id": {
          "name": "user_id",
          "type": "integer",
          "primaryKey": false,
          "notNull": true
        },
        "hospital_id": {
          "name": "hospital_id",
          "type": "integer",
          "primaryKey": false,
          "notNull": false
        },
        "procedure_id": {
          "name": "procedure_id",
          "type": "integer",
          "primaryKey": false,
          "notNull": true
        },
        "procedure_date": {
          "name": "procedure_date",
          "type": "date",
          "primaryKey": false,
          "notNull": false
        },
        "report_content": {
          "name": "report_content",
          "type": "text",
          "primaryKey": false,
          "notNull": false
        },
        "clinical_indication": {
          "name": "clinical_indication",
          "type": "text",
          "primaryKey": false,
          "notNull": true
        },
        "cid_code_id": {
          "name": "cid_code_id",
          "type": "integer",
          "primaryKey": false,
          "notNull": false
        },
        "procedure_cbhpm_id": {
          "name": "procedure_cbhpm_id",
          "type": "integer",
          "primaryKey": false,
          "notNull": false
        },
        "procedure_cbhpm_quantity": {
          "name": "procedure_cbhpm_quantity",
          "type": "integer",
          "primaryKey": false,
          "notNull": false,
          "default": 1
        },
        "secondary_procedure_ids": {
          "name": "secondary_procedure_ids",
          "type": "integer[]",
          "primaryKey": false,
          "notNull": false
        },
        "secondary_procedure_quantities": {
          "name": "secondary_procedure_quantities",
          "type": "integer[]",
          "primaryKey": false,
          "notNull": false
        },
        "opme_item_ids": {
          "name": "opme_item_ids",
          "type": "integer[]",
          "primaryKey": false,
          "notNull": false
        },
        "opme_item_quantities": {
          "name": "opme_item_quantities",
          "type": "integer[]",
          "primaryKey": false,
          "notNull": false
        },
        "procedure_type": {
          "name": "procedure_type",
          "type": "procedure_type",
          "typeSchema": "public",
          "primaryKey": false,
          "notNull": false
        },
        "exam_image_url": {
          "name": "exam_image_url",
          "type": "text",
          "primaryKey": false,
          "notNull": false
        },
        "medical_report_url": {
          "name": "medical_report_url",
          "type": "text",
          "primaryKey": false,
          "notNull": false
        },
        "additional_image_urls": {
          "name": "additional_image_urls",
          "type": "text[]",
          "primaryKey": false,
          "notNull": false
        },
        "additional_images_count": {
          "name": "additional_images_count",
          "type": "integer",
          "primaryKey": false,
          "notNull": false,
          "default": 0
        },
        "additional_notes": {
          "name": "additional_notes",
          "type": "text",
          "primaryKey": false,
          "notNull": false
        },
        "status": {
          "name": "status",
          "type": "order_status",
          "typeSchema": "public",
          "primaryKey": false,
          "notNull": true,
          "default": "'em_preenchimento'"
        },
        "created_at": {
          "name": "created_at",
          "type": "timestamp",
          "primaryKey": false,
          "notNull": true,
          "default": "now()"
        },
        "updated_at": {
          "name": "updated_at",
          "type": "timestamp",
          "primaryKey": false,
          "notNull": true,
          "default": "now()"
        }
      },
      "indexes": {},
      "foreignKeys": {
        "medical_orders_patient_id_patients_id_fk": {
          "name": "medical_orders_patient_id_patients_id_fk",
          "tableFrom": "medical_orders",
          "tableTo": "patients",
          "columnsFrom": [
            "patient_id"
          ],
          "columnsTo": [
            "id"
          ],
          "onDelete": "cascade",
          "onUpdate": "no action"
        },
        "medical_orders_user_id_users_id_fk": {
          "name": "medical_orders_user_id_users_id_fk",
          "tableFrom": "medical_orders",
          "tableTo": "users",
          "columnsFrom": [
            "user_id"
          ],
          "columnsTo": [
            "id"
          ],
          "onDelete": "no action",
          "onUpdate": "no action"
        },
        "medical_orders_hospital_id_hospitals_id_fk": {
          "name": "medical_orders_hospital_id_hospitals_id_fk",
          "tableFrom": "medical_orders",
          "tableTo": "hospitals",
          "columnsFrom": [
            "hospital_id"
          ],
          "columnsTo": [
            "id"
          ],
          "onDelete": "no action",
          "onUpdate": "no action"
        },
        "medical_orders_cid_code_id_cid_codes_id_fk": {
          "name": "medical_orders_cid_code_id_cid_codes_id_fk",
          "tableFrom": "medical_orders",
          "tableTo": "cid_codes",
          "columnsFrom": [
            "cid_code_id"
          ],
          "columnsTo": [
            "id"
          ],
          "onDelete": "no action",
          "onUpdate": "no action"
        },
        "medical_orders_procedure_cbhpm_id_procedures_id_fk": {
          "name": "medical_orders_procedure_cbhpm_id_procedures_id_fk",
          "tableFrom": "medical_orders",
          "tableTo": "procedures",
          "columnsFrom": [
            "procedure_cbhpm_id"
          ],
          "columnsTo": [
            "id"
          ],
          "onDelete": "no action",
          "onUpdate": "no action"
        }
      },
      "compositePrimaryKeys": {},
      "uniqueConstraints": {},
      "policies": {},
      "checkConstraints": {},
      "isRLSEnabled": false
    },
    "public.opme_items": {
      "name": "opme_items",
      "schema": "",
      "columns": {
        "id": {
          "name": "id",
          "type": "serial",
          "primaryKey": true,
          "notNull": true
        },
        "name": {
          "name": "name",
          "type": "text",
          "primaryKey": false,
          "notNull": true
        },
        "code": {
          "name": "code",
          "type": "text",
          "primaryKey": false,
          "notNull": true
        },
        "manufacturer": {
          "name": "manufacturer",
          "type": "text",
          "primaryKey": false,
          "notNull": true
        },
        "category": {
          "name": "category",
          "type": "text",
          "primaryKey": false,
          "notNull": true
        },
        "description": {
          "name": "description",
          "type": "text",
          "primaryKey": false,
          "notNull": false
        }
      },
      "indexes": {},
      "foreignKeys": {},
      "compositePrimaryKeys": {},
      "uniqueConstraints": {
        "opme_items_code_unique": {
          "name": "opme_items_code_unique",
          "nullsNotDistinct": false,
          "columns": [
            "code"
          ]
        }
      },
      "policies": {},
      "checkConstraints": {},
      "isRLSEnabled": false
    },
    "public.order_items": {
      "name": "order_items",
      "schema": "",
      "columns": {
        "id": {
          "name": "id",
          "type": "serial",
          "primaryKey": true,
          "notNull": true
        },
        "order_id": {
          "name": "order_id",
          "type": "integer",
          "primaryKey": false,
          "notNull": true
        },
        "opme_item_id": {
          "name": "opme_item_id",
          "type": "integer",
          "primaryKey": false,
          "notNull": true
        },
        "quantity": {
          "name": "quantity",
          "type": "integer",
          "primaryKey": false,
          "notNull": true,
          "default": 1
        }
      },
      "indexes": {},
      "foreignKeys": {},
      "compositePrimaryKeys": {},
      "uniqueConstraints": {},
      "policies": {},
      "checkConstraints": {},
      "isRLSEnabled": false
    },
    "public.patients": {
      "name": "patients",
      "schema": "",
      "columns": {
        "id": {
          "name": "id",
          "type": "serial",
          "primaryKey": true,
          "notNull": true
        },
        "full_name": {
          "name": "full_name",
          "type": "text",
          "primaryKey": false,
          "notNull": true
        },
        "cpf": {
          "name": "cpf",
          "type": "text",
          "primaryKey": false,
          "notNull": true
        },
        "birth_date": {
          "name": "birth_date",
          "type": "date",
          "primaryKey": false,
          "notNull": true
        },
        "gender": {
          "name": "gender",
          "type": "text",
          "primaryKey": false,
          "notNull": true
        },
        "email": {
          "name": "email",
          "type": "text",
          "primaryKey": false,
          "notNull": false
        },
        "phone": {
          "name": "phone",
          "type": "text",
          "primaryKey": false,
          "notNull": false
        },
        "phone2": {
          "name": "phone2",
          "type": "text",
          "primaryKey": false,
          "notNull": false
        },
        "insurance": {
          "name": "insurance",
          "type": "text",
          "primaryKey": false,
          "notNull": false
        },
        "insurance_number": {
          "name": "insurance_number",
          "type": "text",
          "primaryKey": false,
          "notNull": false
        },
        "plan": {
          "name": "plan",
          "type": "text",
          "primaryKey": false,
          "notNull": false
        },
        "notes": {
          "name": "notes",
          "type": "text",
          "primaryKey": false,
          "notNull": false
        }
      },
      "indexes": {},
      "foreignKeys": {},
      "compositePrimaryKeys": {},
      "uniqueConstraints": {
        "patients_cpf_unique": {
          "name": "patients_cpf_unique",
          "nullsNotDistinct": false,
          "columns": [
            "cpf"
          ]
        }
      },
      "policies": {},
      "checkConstraints": {},
      "isRLSEnabled": false
    },
    "public.procedures": {
      "name": "procedures",
      "schema": "",
      "columns": {
        "id": {
          "name": "id",
          "type": "serial",
          "primaryKey": true,
          "notNull": true
        },
        "code": {
          "name": "code",
          "type": "text",
          "primaryKey": false,
          "notNull": true
        },
        "name": {
          "name": "name",
          "type": "text",
          "primaryKey": false,
          "notNull": true
        },
        "porte": {
          "name": "porte",
          "type": "text",
          "primaryKey": false,
          "notNull": false
        },
        "custo_operacional": {
          "name": "custo_operacional",
          "type": "text",
          "primaryKey": false,
          "notNull": false
        },
        "porte_anestesista": {
          "name": "porte_anestesista",
          "type": "text",
          "primaryKey": false,
          "notNull": false
        },
        "description": {
          "name": "description",
          "type": "text",
          "primaryKey": false,
          "notNull": false
        },
        "active": {
          "name": "active",
          "type": "boolean",
          "primaryKey": false,
          "notNull": false,
          "default": true
        },
        "created_at": {
          "name": "created_at",
          "type": "timestamp",
          "primaryKey": false,
          "notNull": true,
          "default": "now()"
        },
        "updated_at": {
          "name": "updated_at",
          "type": "timestamp",
          "primaryKey": false,
          "notNull": true,
          "default": "now()"
        }
      },
      "indexes": {},
      "foreignKeys": {},
      "compositePrimaryKeys": {},
      "uniqueConstraints": {
        "procedures_code_unique": {
          "name": "procedures_code_unique",
          "nullsNotDistinct": false,
          "columns": [
            "code"
          ]
        }
      },
      "policies": {},
      "checkConstraints": {},
      "isRLSEnabled": false
    },
    "public.role_permissions": {
      "name": "role_permissions",
      "schema": "",
      "columns": {
        "id": {
          "name": "id",
          "type": "serial",
          "primaryKey": true,
          "notNull": true
        },
        "role_id": {
          "name": "role_id",
          "type": "integer",
          "primaryKey": false,
          "notNull": true
        },
        "permission": {
          "name": "permission",
          "type": "permission",
          "typeSchema": "public",
          "primaryKey": false,
          "notNull": true
        }
      },
      "indexes": {},
      "foreignKeys": {
        "role_permissions_role_id_roles_id_fk": {
          "name": "role_permissions_role_id_roles_id_fk",
          "tableFrom": "role_permissions",
          "tableTo": "roles",
          "columnsFrom": [
            "role_id"
          ],
          "columnsTo": [
            "id"
          ],
          "onDelete": "cascade",
          "onUpdate": "no action"
        }
      },
      "compositePrimaryKeys": {},
      "uniqueConstraints": {},
      "policies": {},
      "checkConstraints": {},
      "isRLSEnabled": false
    },
    "public.roles": {
      "name": "roles",
      "schema": "",
      "columns": {
        "id": {
          "name": "id",
          "type": "serial",
          "primaryKey": true,
          "notNull": true
        },
        "name": {
          "name": "name",
          "type": "text",
          "primaryKey": false,
          "notNull": true
        },
        "description": {
          "name": "description",
          "type": "text",
          "primaryKey": false,
          "notNull": false
        },
        "is_default": {
          "name": "is_default",
          "type": "boolean",
          "primaryKey": false,
          "notNull": false,
          "default": false
        },
        "created_at": {
          "name": "created_at",
          "type": "timestamp",
          "primaryKey": false,
          "notNull": false,
          "default": "now()"
        },
        "updated_at": {
          "name": "updated_at",
          "type": "timestamp",
          "primaryKey": false,
          "notNull": false,
          "default": "now()"
        }
      },
      "indexes": {},
      "foreignKeys": {},
      "compositePrimaryKeys": {},
      "uniqueConstraints": {
        "roles_name_unique": {
          "name": "roles_name_unique",
          "nullsNotDistinct": false,
          "columns": [
            "name"
          ]
        }
      },
      "policies": {},
      "checkConstraints": {},
      "isRLSEnabled": false
    },
    "public.scanned_documents": {
      "name": "scanned_documents",
      "schema": "",
      "columns": {
        "id": {
          "name": "id",
          "type": "serial",
          "primaryKey": true,
          "notNull": true
        },
        "patient_id": {
          "name": "patient_id",
          "type": "integer",
          "primaryKey": false,
          "notNull": true
        },
        "document_type": {
          "name": "document_type",
          "type": "text",
          "primaryKey": false,
          "notNull": true
        },
        "content": {
          "name": "content",
          "type": "text",
          "primaryKey": false,
          "notNull": true
        },
        "created_at": {
          "name": "created_at",
          "type": "timestamp",
          "primaryKey": false,
          "notNull": true,
          "default": "now()"
        }
      },
      "indexes": {},
      "foreignKeys": {},
      "compositePrimaryKeys": {},
      "uniqueConstraints": {},
      "policies": {},
      "checkConstraints": {},
      "isRLSEnabled": false
    },
    "public.suppliers": {
      "name": "suppliers",
      "schema": "",
      "columns": {
        "id": {
          "name": "id",
          "type": "serial",
          "primaryKey": true,
          "notNull": true
        },
        "name": {
          "name": "name",
          "type": "text",
          "primaryKey": false,
          "notNull": true
        },
        "cnpj": {
          "name": "cnpj",
          "type": "text",
          "primaryKey": false,
          "notNull": true
        },
        "contact_name": {
          "name": "contact_name",
          "type": "text",
          "primaryKey": false,
          "notNull": false
        },
        "email": {
          "name": "email",
          "type": "text",
          "primaryKey": false,
          "notNull": false
        },
        "phone": {
          "name": "phone",
          "type": "text",
          "primaryKey": false,
          "notNull": false
        },
        "address": {
          "name": "address",
          "type": "text",
          "primaryKey": false,
          "notNull": false
        },
        "city": {
          "name": "city",
          "type": "text",
          "primaryKey": false,
          "notNull": false
        },
        "state": {
          "name": "state",
          "type": "text",
          "primaryKey": false,
          "notNull": false
        },
        "zip_code": {
          "name": "zip_code",
          "type": "text",
          "primaryKey": false,
          "notNull": false
        },
        "notes": {
          "name": "notes",
          "type": "text",
          "primaryKey": false,
          "notNull": false
        },
        "is_active": {
          "name": "is_active",
          "type": "boolean",
          "primaryKey": false,
          "notNull": true,
          "default": true
        },
        "created_at": {
          "name": "created_at",
          "type": "timestamp",
          "primaryKey": false,
          "notNull": true,
          "default": "now()"
        },
        "updated_at": {
          "name": "updated_at",
          "type": "timestamp",
          "primaryKey": false,
          "notNull": true,
          "default": "now()"
        }
      },
      "indexes": {},
      "foreignKeys": {},
      "compositePrimaryKeys": {},
      "uniqueConstraints": {},
      "policies": {},
      "checkConstraints": {},
      "isRLSEnabled": false
    },
    "public.user_permissions": {
      "name": "user_permissions",
      "schema": "",
      "columns": {
        "id": {
          "name": "id",
          "type": "serial",
          "primaryKey": true,
          "notNull": true
        },
        "user_id": {
          "name": "user_id",
          "type": "integer",
          "primaryKey": false,
          "notNull": true
        },
        "permission": {
          "name": "permission",
          "type": "permission",
          "typeSchema": "public",
          "primaryKey": false,
          "notNull": true
        },
        "granted": {
          "name": "granted",
          "type": "boolean",
          "primaryKey": false,
          "notNull": true
        }
      },
      "indexes": {},
      "foreignKeys": {
        "user_permissions_user_id_users_id_fk": {
          "name": "user_permissions_user_id_users_id_fk",
          "tableFrom": "user_permissions",
          "tableTo": "users",
          "columnsFrom": [
            "user_id"
          ],
          "columnsTo": [
            "id"
          ],
          "onDelete": "cascade",
          "onUpdate": "no action"
        }
      },
      "compositePrimaryKeys": {},
      "uniqueConstraints": {},
      "policies": {},
      "checkConstraints": {},
      "isRLSEnabled": false
    },
    "public.users": {
      "name": "users",
      "schema": "",
      "columns": {
        "id": {
          "name": "id",
          "type": "serial",
          "primaryKey": true,
          "notNull": true
        },
        "username": {
          "name": "username",
          "type": "text",
          "primaryKey": false,
          "notNull": true
        },
        "password": {
          "name": "password",
          "type": "text",
          "primaryKey": false,
          "notNull": true
        },
        "email": {
          "name": "email",
          "type": "text",
          "primaryKey": false,
          "notNull": true
        },
        "name": {
          "name": "name",
          "type": "text",
          "primaryKey": false,
          "notNull": true
        },
        "role_id": {
          "name": "role_id",
          "type": "integer",
          "primaryKey": false,
          "notNull": true
        },
        "crm": {
          "name": "crm",
          "type": "integer",
          "primaryKey": false,
          "notNull": false
        },
        "active": {
          "name": "active",
          "type": "boolean",
          "primaryKey": false,
          "notNull": false,
          "default": false
        },
        "last_login": {
          "name": "last_login",
          "type": "timestamp",
          "primaryKey": false,
          "notNull": false
        },
        "password_reset_token": {
          "name": "password_reset_token",
          "type": "text",
          "primaryKey": false,
          "notNull": false
        },
        "password_reset_expires": {
          "name": "password_reset_expires",
          "type": "timestamp",
          "primaryKey": false,
          "notNull": false
        },
        "failed_login_attempts": {
          "name": "failed_login_attempts",
          "type": "integer",
          "primaryKey": false,
          "notNull": false,
          "default": 0
        },
        "lockout_until": {
          "name": "lockout_until",
          "type": "timestamp",
          "primaryKey": false,
          "notNull": false
        },
        "consent_accepted": {
          "name": "consent_accepted",
          "type": "timestamp",
          "primaryKey": false,
          "notNull": false
        },
        "created_at": {
          "name": "created_at",
          "type": "timestamp",
          "primaryKey": false,
          "notNull": false,
          "default": "now()"
        },
        "updated_at": {
          "name": "updated_at",
          "type": "timestamp",
          "primaryKey": false,
          "notNull": false,
          "default": "now()"
        }
      },
      "indexes": {},
      "foreignKeys": {
        "users_role_id_roles_id_fk": {
          "name": "users_role_id_roles_id_fk",
          "tableFrom": "users",
          "tableTo": "roles",
          "columnsFrom": [
            "role_id"
          ],
          "columnsTo": [
            "id"
          ],
          "onDelete": "no action",
          "onUpdate": "no action"
        }
      },
      "compositePrimaryKeys": {},
      "uniqueConstraints": {
        "users_username_unique": {
          "name": "users_username_unique",
          "nullsNotDistinct": false,
          "columns": [
            "username"
          ]
        },
        "users_email_unique": {
          "name": "users_email_unique",
          "nullsNotDistinct": false,
          "columns": [
            "email"
          ]
        }
      },
      "policies": {},
      "checkConstraints": {},
      "isRLSEnabled": false
    }
  },
  "enums": {
    "public.cid_categories": {
      "name": "cid_categories",
      "schema": "public",
      "values": [
        "Joelho",
        "Coluna",
        "Ombro",
        "Quadril",
        "Pé e tornozelo",
        "Outros"
      ]
    },
    "public.cidades_rj": {
      "name": "cidades_rj",
      "schema": "public",
      "values": [
        "Rio de Janeiro",
        "São Gonçalo",
        "Niterói"
      ]
    },
    "public.order_status": {
      "name": "order_status",
      "schema": "public",
      "values": [
        "em_preenchimento",
        "em_avaliacao",
        "aceito",
        "recusado"
      ]
    },
    "public.permission": {
      "name": "permission",
      "schema": "public",
      "values": [
        "dashboard_view",
        "patients_view",
        "patients_create",
        "patients_edit",
        "patients_delete",
        "hospitals_view",
        "hospitals_create",
        "hospitals_edit",
        "hospitals_delete",
        "orders_view",
        "orders_create",
        "orders_edit",
        "orders_delete",
        "catalog_view",
        "catalog_create",
        "catalog_edit",
        "catalog_delete",
        "reports_view",
        "reports_create",
        "reports_export",
        "users_view",
        "users_create",
        "users_edit",
        "users_delete",
        "roles_view",
        "roles_create",
        "roles_edit",
        "roles_delete",
        "system_settings"
      ]
    },
    "public.procedure_type": {
      "name": "procedure_type",
      "schema": "public",
      "values": [
        "eletiva",
        "urgencia"
      ]
    },
    "public.uf": {
      "name": "uf",
      "schema": "public",
      "values": [
        "RJ",
        "SP",
        "MG"
      ]
    }
  },
  "schemas": {},
  "sequences": {},
  "roles": {},
  "policies": {},
  "views": {},
  "_meta": {
    "columns": {},
    "schemas": {},
    "tables": {}
  }
}